Instructor,Environment,Course,Instructors lecture,Instructor responsive,Pace of Course,Length of Course,Technical Details,Student Guide,Lab Exercises,The classroom,Computer,Network,See and Hear,Learned what I needed to learn,Attended class at appropriate time,Recommend this course,Tech experience,Metaswitch Experience,Age,Gender,MPLS
Dr. Michael Allen,2,HPBX Deployment & Troubleshooting,40,40,30,30,30,40,40,30,30,30,40,40,No,Yes,2,1,57,Male,35.00
Dr. Michael Allen,2,HPBX Deployment & Troubleshooting,40,40,40,40,40,40,40,40,40,40,40,40,Yes,Yes,5,1,61,Male,40.00
Dr. Michael Allen,2,HPBX Deployment & Troubleshooting,40,40,40,40,40,40,40,20,40,40,40,40,Yes,Yes,5,1,57,Male,38.33
Dr. Michael Allen,2,HPBX Deployment & Troubleshooting,40,40,40,40,40,40,40,40,20,40,40,40,Yes,Yes,3,3,36,Male,38.33
Dr. Michael Allen,2,HPBX Deployment & Troubleshooting,40,40,40,40,40,40,40,40,40,40,40,40,Yes,Yes,4,3,41,,40.00
Dr. Michael Allen,2,HPBX Deployment & Troubleshooting,40,40,40,40,40,40,40,30,40,40,40,40,Yes,Yes,2,4,32,Male,39.17
Dr. Michael Allen,2,HPBX Deployment & Troubleshooting,30,40,30,40,40,40,40,20,40,40,40,40,Yes,Yes,3,2,Prefer not to say,Male,36.67
Dr. Michael Allen,0,HPBX Deployment & Troubleshooting,40,40,40,40,40,40,40,30,40,40,40,30,Yes,Yes,5,4,65,Male,38.33
Dr. Michael Allen,2,HPBX Deployment & Troubleshooting,40,40,40,30,30,40,40,30,30,30,40,40,Yes,Yes,2,4,40,Male,35.83
Dr. Michael Allen,2,HPBX Deployment & Troubleshooting,40,40,40,30,40,40,40,30,30,40,40,40,Yes,Yes,3,2,31,Male,37.50
Dr. Michael Allen,2,HPBX Deployment & Troubleshooting,40,40,40,40,40,40,40,40,40,40,40,40,Yes,Yes,4,2,37,Male,40.00
Dr. Michael Allen,2,HPBX Deployment & Troubleshooting,40,40,40,40,40,40,40,30,40,40,40,40,No,Yes,3,4,31,Male,39.17
Jake Livingstone,2,System Overview,40,40,40,40,40,40,40,40,40,40,40,40,No,Yes,4,2,41,Male,40.00
Jake Livingstone,2,System Overview,40,40,40,40,30,40,40,40,40,30,40,40,Yes,Yes,4,2,45,Male,38.33
Jake Livingstone,2,System Overview,40,40,30,30,30,40,30,30,30,30,30,30,Yes,Yes,3,1,42,Male,32.50
Jake Livingstone,2,System Overview,40,40,40,40,40,30,40,30,30,30,30,40,Yes,Yes,4,3,Prefer not to say,Male,35.83
Jake Livingstone,2,System Overview,40,40,40,40,40,40,40,40,40,40,40,40,Yes,Yes,2,1,23,Male,40.00
Jake Livingstone,2,System Overview,40,40,40,40,40,40,40,40,40,40,40,40,Yes,Yes,2,1,24,Male,40.00
Jake Livingstone,2,System Overview,40,40,40,40,40,40,40,40,40,40,40,40,No,Yes,4,3,36,Male,40.00
Dr. Michael Allen,2,Perimeta SBC Deployment & Troubleshooting,40,40,40,30,40,40,40,30,40,40,40,30,Yes,Yes,4,1,48,Male,37.50
Dr. Michael Allen,2,Perimeta SBC Deployment & Troubleshooting,40,40,40,40,40,40,40,30,40,40,40,40,Yes,Yes,5,1,58,Male,39.17
Dr. Michael Allen,2,Perimeta SBC Deployment & Troubleshooting,40,40,40,40,40,40,40,40,40,40,40,40,Yes,Yes,5,2,55,Male,40.00
Dr. Michael Allen,2,Perimeta SBC Deployment & Troubleshooting,40,40,40,40,40,40,40,30,40,40,40,40,Yes,Yes,2,2,24,Male,39.17
Dr. Michael Allen,2,Perimeta SBC Deployment & Troubleshooting,40,40,40,40,40,30,30,30,30,30,40,40,Yes,Yes,4,1,30,Male,35.83
Dr. Michael Allen,2,Perimeta SBC Deployment & Troubleshooting,40,40,40,40,40,40,40,30,40,40,40,40,Yes,Yes,2,1,27,Male,39.17
Dr. Michael Allen,2,Perimeta SBC Deployment & Troubleshooting,40,40,30,30,30,30,30,30,30,40,40,40,Yes,Yes,2,1,27,Female,34.17
Dr. Michael Allen,2,Perimeta SBC Deployment & Troubleshooting,40,40,40,40,40,40,40,30,40,40,40,40,Yes,Yes,3,3,36,Male,39.17
Dr. Michael Allen,2,Perimeta SBC Deployment & Troubleshooting,40,40,40,40,40,40,40,40,40,40,40,40,Yes,Yes,2,1,29,Male,40.00
Dr. Michael Allen,2,Perimeta SBC Deployment & Troubleshooting,40,40,40,40,40,40,40,40,40,40,40,40,Yes,Yes,2,2,22,Male,40.00
Genaro Islas,2,Perimeta SBC Accelerated Deployment,40,40,40,30,40,40,40,30,40,30,40,40,Yes,Yes,5,1,52,Male,37.50
Carlos Simoni,0,Perimeta SBC Deployment & Troubleshooting,40,40,30,30,30,40,40,30,40,40,30,30,Yes,Yes,4,4,46,Male,35.00
Carlos Simoni,0,Perimeta SBC Deployment & Troubleshooting,40,40,40,,30,40,40,30,30,40,40,40,Yes,Yes,5,4,44,Male,37.27
Carlos Simoni,0,Perimeta SBC Deployment & Troubleshooting,40,40,20,20,30,40,40,40,40,40,30,20,No,Yes,3,3,29,Male,33.33
Carlos Simoni,2,Perimeta SBC Deployment & Troubleshooting,30,30,30,30,30,40,40,40,30,30,40,30,Yes,Yes,3,2,35,Male,33.33
Carlos Simoni,2,Perimeta SBC Deployment & Troubleshooting,40,40,30,40,30,40,40,30,30,30,40,40,Yes,Yes,3,1,31,Male,35.83
Carlos Simoni,0,Perimeta SBC Deployment & Troubleshooting,40,40,30,30,30,40,40,40,40,30,40,30,Yes,Yes,2,1,Prefer not to say,Male,35.83
Carlos Simoni,0,Perimeta SBC Deployment & Troubleshooting,40,40,40,40,40,40,40,30,40,30,40,40,Yes,Yes,3,1,42,Male,38.33
Genaro Islas,2,Perimeta SBC Accelerated Deployment,40,40,30,40,20,40,40,40,40,40,40,30,Yes,Yes,4,2,45,Male,36.67
Genaro Islas,2,Perimeta SBC Accelerated Deployment,30,40,40,30,30,30,40,30,40,40,30,40,No,Yes,4,2,50,Male,35.00
Genaro Islas,2,Perimeta SBC Accelerated Deployment,40,40,40,40,30,40,30,30,40,40,40,30,Yes,Yes,4,1,40,Female,36.67
Genaro Islas,0,Perimeta SBC Accelerated Deployment,30,30,30,40,30,40,40,40,40,40,30,30,Yes,Yes,3,1,38,Male,35.00
Genaro Islas,2,Perimeta SBC Accelerated Deployment,40,40,40,40,40,40,40,30,30,30,30,30,Yes,Yes,4,2,46,Male,35.83
Genaro Islas,2,Perimeta SBC Accelerated Deployment,40,40,30,30,40,30,30,30,30,30,30,30,Yes,Yes,4,2,47,Male,32.50
Genaro Islas,2,Perimeta SBC Accelerated Deployment,40,40,30,30,30,30,30,30,30,30,30,30,Yes,Yes,4,,42,Female,31.67
Genaro Islas,0,Perimeta SBC Accelerated Deployment,30,40,40,40,30,40,40,40,30,40,40,30,Yes,Yes,4,3,47,Male,36.67
Genaro Islas,2,Perimeta SBC Accelerated Deployment,40,40,40,40,40,40,40,40,40,40,40,40,Yes,Yes,4,3,41,Male,40.00
Genaro Islas,2,Perimeta SBC Accelerated Deployment,40,40,40,40,40,40,40,40,40,40,40,40,Yes,Yes,2,2,29,Male,40.00
Jason Anderson,1,HPBX Deployment & Troubleshooting,40,40,30,30,30,30,30,40,40,40,40,30,Yes,Yes,5,4,53,Male,35.00
Jason Anderson,1,HPBX Deployment & Troubleshooting,40,40,40,30,40,40,40,40,40,40,40,40,Yes,Yes,4,2,43,Male,39.17
Jason Anderson,1,HPBX Deployment & Troubleshooting,40,40,30,30,30,30,30,30,30,30,30,30,Yes,Yes,2,3,60,Male,31.67
Jason Anderson,1,HPBX Deployment & Troubleshooting,30,30,30,30,30,30,30,30,30,30,30,30,No,Yes,2,2,33,Male,30.00
Jason Anderson,1,HPBX Deployment & Troubleshooting,30,40,30,30,30,30,30,30,40,30,40,30,No,Yes,4,1,36,Male,32.50
Jason Anderson,1,HPBX Deployment & Troubleshooting,40,40,40,40,40,30,40,30,30,30,30,30,Yes,Yes,3,2,34,Male,35.00
Jason Anderson,0,HPBX Deployment & Troubleshooting,40,40,,,30,30,40,40,40,40,40,30,Yes,Yes,5,2,57,Male,37.00
Jason Anderson,1,HPBX Deployment & Troubleshooting,30,40,30,30,30,30,30,30,40,40,30,20,Yes,Yes,4,4,35,Male,31.67
Jason Anderson,1,HPBX Deployment & Troubleshooting,40,40,30,40,40,30,30,30,40,40,40,40,Yes,Yes,3,2,34,Male,36.67
Jason Anderson,1,HPBX Deployment & Troubleshooting,30,40,20,30,30,40,40,30,40,40,40,30,Yes,Yes,3,4,44,Male,34.17
Jason Anderson,1,HPBX Deployment & Troubleshooting,40,40,30,30,30,30,30,30,40,40,40,40,No,Yes,5,5,44,Male,35.00
Jason Anderson,1,HPBX Deployment & Troubleshooting,40,40,20,40,40,40,10,40,40,40,40,40,Yes,Yes,2,4,33,Male,35.83
John Newbery,2,Other (please specify),40,40,30,30,40,30,40,40,40,40,40,40,Yes,Yes,5,3,Prefer not to say,Male,37.50
Genaro Islas,2,Perimeta SBC Accelerated Deployment,40,40,30,30,40,40,40,30,40,40,40,30,Yes,Yes,4,1,48,Male,36.67
Jake Livingstone,2,System Overview,40,40,40,40,40,40,40,40,30,40,40,40,Yes,Yes,5,1,53,Male,39.17
Jake Livingstone,2,System Overview,40,40,40,40,40,40,40,40,40,40,40,40,Yes,Yes,4,2,37,Female,40.00
Jake Livingstone,2,System Overview,40,40,30,30,30,30,30,30,30,30,30,30,No,Yes,4,3,42,Male,31.67
Jake Livingstone,2,System Overview,40,40,40,40,30,30,40,30,40,40,40,40,Yes,Yes,4,2,38,Male,37.50
Jake Livingstone,0,System Overview,40,40,30,30,40,40,40,30,30,30,40,30,Yes,Yes,5,3,56,Male,35.00
Jake Livingstone,0,System Overview,40,40,40,40,40,30,40,30,40,40,40,40,Yes,Yes,5,5,46,Male,38.33
Jake Livingstone,2,Deployment Overview,30,30,30,30,30,30,30,20,20,20,30,30,Yes,Yes,4,2,42,Male,27.50
Jake Livingstone,2,System Overview,30,30,30,30,30,30,30,30,30,30,30,30,Yes,Yes,4,1,44,Male,30.00
John Newbery,2,Perimeta SBC Accelerated Deployment,20,30,10,10,30,20,20,40,40,40,30,20,Yes,No,3,1,Prefer not to say,Male,25.83
Jason Anderson,1,Perimeta SBC Deployment & Troubleshooting,30,40,30,30,30,30,30,30,30,30,30,30,Yes,Yes,4,1,52,Female,30.83
Jason Anderson,1,Perimeta SBC Deployment & Troubleshooting,40,40,30,30,30,40,40,40,40,40,40,40,Yes,Yes,5,4,40,,37.50
Genaro Islas,0,Advanced Translations,40,40,40,30,40,30,40,30,,40,30,30,Yes,Yes,5,1,Prefer not to say,Female,35.45
Genaro Islas,2,Advanced Translations,40,40,40,30,30,30,30,30,30,30,40,30,Yes,Yes,3,2,34,Male,33.33
Genaro Islas,0,Advanced Translations,40,40,40,40,40,40,40,30,30,30,40,40,Yes,Yes,5,2,52,Male,37.50
Genaro Islas,2,Advanced Translations,40,40,40,40,40,40,40,40,40,40,40,40,Yes,Yes,5,3,67,Male,40.00
Genaro Islas,2,Advanced Translations,40,40,30,30,30,20,30,30,40,10,40,30,Yes,Yes,3,3,27,Male,30.83
Genaro Islas,2,Advanced Translations,40,40,30,30,30,40,40,30,30,30,30,30,Yes,Yes,4,3,38,Male,33.33
Genaro Islas,2,Advanced Translations,40,40,30,30,30,30,30,30,30,30,30,30,Yes,Yes,4,2,Prefer not to say,I Prefer Not to Say,31.67
Genaro Islas,2,Advanced Translations,40,40,40,40,40,40,40,40,40,40,40,40,Yes,Yes,4,3,50,Male,40.00
Genaro Islas,2,Advanced Translations,40,40,40,40,40,40,30,40,40,20,40,30,Yes,No,4,3,Prefer not to say,I Prefer Not to Say,36.67
Jason Anderson,1,Perimeta SBC Deployment & Troubleshooting,30,30,30,30,30,30,30,30,30,30,30,30,No,Yes,5,3,46,Male,30.00
Team of Instructors,1,Perimeta SBC Deployment & Troubleshooting,40,40,30,30,40,30,40,30,40,40,40,40,Yes,Yes,4,5,56,Female,36.67
Jason Anderson,1,Perimeta SBC Deployment & Troubleshooting,40,40,40,40,40,40,40,40,40,40,40,40,Yes,Yes,3,4,38,Male,40.00
Jason Anderson,1,Perimeta SBC Deployment & Troubleshooting,40,40,30,30,30,30,30,30,40,40,40,30,No,Yes,4,3,37,Male,34.17
Jason Anderson,1,Perimeta SBC Deployment & Troubleshooting,30,40,20,20,20,30,30,40,40,40,40,30,Yes,Yes,3,1,36,Male,31.67
Jason Anderson,1,Perimeta SBC Deployment & Troubleshooting,30,40,30,30,30,30,40,40,40,40,40,40,Yes,Yes,4,1,38,Male,35.83
Jason Anderson,1,Perimeta SBC Deployment & Troubleshooting,40,40,30,30,,30,30,20,40,40,40,30,Yes,Yes,3,2,41,Female,33.64
Jason Anderson,1,Perimeta SBC Deployment & Troubleshooting,40,40,30,30,30,30,30,40,40,40,40,20,No,Yes,4,1,Prefer not to say,Female,34.17
Jason Anderson,1,Perimeta SBC Deployment & Troubleshooting,30,30,40,40,40,30,40,40,40,40,40,40,Yes,Yes,2,4,23,Male,37.50
John Newbery,2,Other (please specify),40,40,30,40,40,30,40,30,40,40,40,30,Yes,Yes,2,1,30,Male,36.67
John Newbery,2,Perimeta SBC Primer,40,40,30,30,40,40,40,30,30,30,30,30,Yes,Yes,4,2,Prefer not to say,Male,34.17
John Newbery,2,Perimeta SBC Accelerated Deployment,40,40,40,40,40,40,40,40,40,40,40,40,Yes,Yes,4,1,36,Male,40.00
John Newbery,2,Perimeta SBC Accelerated Deployment,40,40,40,40,30,40,40,30,40,40,40,30,Yes,Yes,5,3,45,Male,37.50
Team of Instructors,1,System Overview,40,40,30,30,30,40,30,20,40,40,40,30,No,Yes,4,2,42,Male,34.17
Team of Instructors,1,System Overview,40,40,30,30,30,30,40,30,30,30,30,40,Yes,Yes,5,3,45,Male,33.33
Jake Livingstone,1,System Overview,30,30,30,30,20,30,30,30,30,30,30,20,Yes,Yes,2,4,36,Male,28.33
Team of Instructors,1,System Overview,40,40,40,40,30,30,30,30,,30,30,30,No,Yes,3,4,33,Male,33.64
Team of Instructors,1,System Overview,40,40,40,40,40,30,40,30,30,40,40,30,Yes,Yes,4,2,52,Female,36.67
Team of Instructors,1,System Overview,40,40,30,30,30,10,40,20,40,30,40,40,Yes,Yes,5,1,48,Male,32.50
Team of Instructors,1,System Overview,30,30,10,30,20,30,30,20,30,30,30,30,No,Yes,4,3,42,Male,26.67
Team of Instructors,1,System Overview,40,40,40,40,40,30,40,30,40,40,40,40,No,Yes,4,2,37,Male,38.33
Team of Instructors,1,Other (please specify),40,40,30,30,30,30,30,30,40,40,40,30,Yes,Yes,4,1,39,Male,34.17
Jake Livingstone,1,System Overview,40,40,30,30,30,40,40,30,40,30,40,30,Yes,Yes,2,2,Prefer not to say,Male,35.00
Team of Instructors,1,System Overview,30,30,30,20,20,30,30,40,40,40,40,20,Yes,Yes,3,2,Prefer not to say,I Prefer Not to Say,30.83
Team of Instructors,1,System Overview,40,40,30,30,30,40,40,30,30,30,40,30,Yes,Yes,5,1,46,Male,34.17
Team of Instructors,1,Other (please specify),30,30,30,30,30,30,30,40,40,40,40,20,Yes,Yes,4,2,45,Female,32.50
Team of Instructors,1,System Overview,40,40,40,40,40,40,40,30,40,40,40,40,Yes,Yes,3,3,29,Male,39.17
,0,Advanced Translations,,,,,,,,,,,,,,,,,Prefer not to say,,#DIV/0!
Genaro Islas,1,Translations (North American Numbering Plan version),30,40,30,30,30,30,30,30,30,30,30,30,Yes,Yes,2,4,45,Male,30.83
Genaro Islas,1,Translations (North American Numbering Plan version),40,40,40,40,,40,40,40,40,30,40,40,No,Yes,3,5,30,Male,39.09
Genaro Islas,0,Perimeta SBC Accelerated Deployment,40,40,30,30,40,40,40,30,30,30,40,30,Yes,Yes,4,1,44,Male,35.00
Genaro Islas,2,Perimeta SBC Deployment & Troubleshooting,40,40,20,20,40,40,40,40,30,30,40,30,Yes,Yes,3,1,28,Male,34.17
Phil Aird,1,Translations (International version),40,40,30,30,40,30,40,40,30,30,40,40,Yes,Yes,3,1,30,Female,35.83
Phil Aird,0,Translations (International version),30,,30,30,30,30,30,,,,40,40,Yes,Yes,,,Prefer not to say,Male,32.50
Phil Aird,1,Deployment Overview,40,40,30,30,30,30,30,30,30,30,40,30,Yes,Yes,4,1,Prefer not to say,I Prefer Not to Say,32.50
Phil Aird,1,Deployment Overview,40,40,30,30,30,30,30,30,40,40,40,30,Yes,Yes,2,1,30,Male,34.17
Phil Aird,1,Deployment Overview,40,40,40,40,40,40,30,30,30,30,30,40,Yes,Yes,4,1,Prefer not to say,I Prefer Not to Say,35.83
Phil Aird,1,Deployment Overview,40,30,30,,,30,30,40,40,40,40,20,Yes,Yes,4,2,38,Male,34.00
Phil Aird,1,Deployment Overview,30,40,20,30,20,30,30,30,30,40,40,30,No,Yes,3,1,30,Female,30.83
Phil Aird,1,Deployment Overview,40,40,20,,,30,30,30,40,40,40,30,No,Yes,1,2,25,Male,34.00
Sunny Carter,1,Other (please specify),30,40,30,30,30,20,30,20,40,40,40,30,Yes,Yes,3,1,30,Female,31.67
Sunny Carter,1,Other (please specify),30,30,,,,30,30,30,30,30,30,30,Yes,,4,1,Prefer not to say,Male,30.00
Sunny Carter,1,Other (please specify),30,40,30,30,30,30,30,30,30,30,30,40,No,Yes,4,1,Prefer not to say,I Prefer Not to Say,31.67
Sunny Carter,1,Other (please specify),40,40,30,30,30,30,30,30,40,40,40,30,Yes,Yes,5,1,Prefer not to say,Male,34.17
Sunny Carter,1,Other (please specify),40,40,40,40,40,40,40,40,40,40,40,40,Yes,Yes,1,1,Prefer not to say,Male,40.00
Sunny Carter,0,Perimeta SBC Accelerated Deployment,40,40,30,30,30,30,30,30,,30,30,30,Yes,Yes,3,1,Prefer not to say,Male,31.82
Sunny Carter,1,Perimeta SBC Accelerated Deployment,40,40,30,30,30,40,40,30,30,30,40,30,Yes,Yes,3,1,30,Female,34.17
Sunny Carter,1,Perimeta SBC Accelerated Deployment,40,40,30,30,30,30,30,30,30,30,30,30,No,Yes,4,1,Prefer not to say,Male,31.67
Team of Instructors,1,Perimeta SBC Accelerated Deployment,40,40,,20,30,30,30,40,40,20,40,40,Yes,Yes,1,1,Prefer not to say,Male,33.64
Team of Instructors,1,Perimeta SBC Accelerated Deployment,30,40,,,30,30,30,30,30,30,30,30,Yes,,4,1,Prefer not to say,Male,31.00
Sunny Carter,1,Perimeta SBC Accelerated Deployment,40,40,30,30,30,40,30,30,40,20,40,40,Yes,Yes,4,1,Prefer not to say,Male,34.17
Jason Anderson,1,Perimeta SBC Deployment & Troubleshooting,30,40,30,30,30,40,40,30,40,40,40,30,Yes,Yes,4,3,53,Male,35.00
Jason Anderson,1,Perimeta SBC Deployment & Troubleshooting,30,40,30,30,30,20,40,30,40,40,40,30,Yes,Yes,5,3,46,Male,33.33
Jason Anderson,1,Perimeta SBC Deployment & Troubleshooting,40,40,30,30,30,30,30,20,30,30,30,30,No,Yes,5,4,47,Male,30.83
Jason Anderson,1,Perimeta SBC Deployment & Troubleshooting,30,40,30,30,30,30,40,30,40,40,20,30,No,Yes,5,4,54,Male,32.50
Jason Anderson,1,Perimeta SBC Deployment & Troubleshooting,30,40,30,20,30,40,40,30,40,40,40,30,Yes,Yes,4,5,38,Male,34.17
Jason Anderson,1,Perimeta SBC Deployment & Troubleshooting,30,40,30,30,30,30,30,30,30,30,30,30,No,Yes,4,4,37,Male,30.83
Jason Anderson,1,Perimeta SBC Deployment & Troubleshooting,40,40,30,10,40,20,40,40,40,40,40,40,No,Yes,5,4,Prefer not to say,Male,35.00
Jason Anderson,1,Perimeta SBC Deployment & Troubleshooting,30,30,20,20,30,40,40,30,40,40,40,30,Yes,Yes,2,2,31,Female,32.50
Jason Anderson,1,Perimeta SBC Deployment & Troubleshooting,30,40,30,30,30,30,30,30,40,40,40,30,Yes,Yes,4,4,42,Male,33.33
Jason Anderson,1,Perimeta SBC Deployment & Troubleshooting,40,40,40,40,20,40,40,30,40,40,40,40,Yes,Yes,4,2,42,Male,37.50
Jason Anderson,1,Perimeta SBC Deployment & Troubleshooting,40,40,40,40,40,40,40,30,30,40,40,30,Yes,Yes,3,4,30,Female,37.50
Jason Anderson,1,Perimeta SBC Deployment & Troubleshooting,40,40,40,40,40,40,40,40,40,40,40,20,Yes,Yes,4,5,35,Male,38.33
Dr. Michael Allen,2,Other (please specify),40,40,40,40,40,40,40,40,40,40,40,40,Yes,Yes,5,1,64,Male,40.00
Dr. Michael Allen,2,Other (please specify),40,40,40,40,30,40,40,40,40,40,30,30,Yes,Yes,5,1,45,Male,37.50
Dr. Michael Allen,2,Other (please specify),40,40,40,40,40,40,40,40,30,40,40,40,No,Yes,5,2,57,Male,39.17
Dr. Michael Allen,0,Other (please specify),40,40,30,,30,40,30,30,30,30,30,30,Yes,Yes,5,1,52,Male,32.73
Dr. Michael Allen,0,Other (please specify),40,40,40,20,40,40,40,30,40,40,30,40,Yes,Yes,4,1,46,Male,36.67
Dr. Michael Allen,2,Other (please specify),40,40,30,40,40,40,40,40,40,40,40,40,Yes,Yes,3,1,36,Male,39.17
Dr. Michael Allen,0,Other (please specify),40,40,30,30,40,40,40,40,40,30,40,30,Yes,Yes,5,1,Prefer not to say,Male,36.67
Dr. Michael Allen,2,Other (please specify),40,40,40,30,30,40,40,30,30,30,30,30,Yes,Yes,4,1,41,Male,34.17
Dr. Michael Allen,0,Other (please specify),40,40,30,30,40,40,40,30,30,30,40,30,Yes,Yes,5,1,50,Male,35.00
Dr. Michael Allen,0,Other (please specify),40,40,40,40,40,40,40,40,40,40,40,40,Yes,Yes,4,1,40,Male,40.00
Genaro Islas,1,Advanced Translations,40,40,20,30,30,40,40,40,40,40,40,30,Yes,Yes,4,4,38,Male,35.83
Genaro Islas,1,Advanced Translations,40,40,30,30,30,30,30,30,30,30,30,30,No,Yes,4,1,52,Male,31.67
Genaro Islas,1,Advanced Translations,30,30,30,30,20,30,20,30,30,30,40,30,,No,3,3,41,Male,29.17
Genaro Islas,1,Advanced Translations,40,40,30,30,30,30,20,40,40,40,40,20,No,Yes,2,4,Prefer not to say,Male,33.33
Genaro Islas,1,Advanced Translations,20,40,20,20,30,30,20,30,30,30,30,20,Yes,Yes,5,3,52,Male,26.67
Genaro Islas,1,Advanced Translations,30,30,30,30,30,30,30,40,30,30,30,30,Yes,Yes,4,1,45,Male,30.83
Genaro Islas,1,Advanced Translations,40,40,30,30,30,30,30,30,30,40,40,40,Yes,,4,5,42,Male,34.17
Jake Livingstone,2,Perimeta SBC Deployment & Troubleshooting,40,40,40,40,30,40,40,20,30,40,40,30,Yes,Yes,5,5,43,Male,35.83
Jake Livingstone,2,Perimeta SBC Deployment & Troubleshooting,40,40,40,40,40,40,40,40,40,40,40,40,Yes,Yes,5,1,Prefer not to say,I Prefer Not to Say,40.00
Jake Livingstone,2,Perimeta SBC Deployment & Troubleshooting,40,40,30,30,30,40,40,30,30,30,40,30,Yes,Yes,5,5,58,Male,34.17
Jake Livingstone,2,Perimeta SBC Deployment & Troubleshooting,40,30,30,30,30,30,30,30,30,30,30,30,Yes,Yes,5,5,Prefer not to say,Male,30.83
Jake Livingstone,2,Perimeta SBC Deployment & Troubleshooting,40,40,40,30,40,30,30,30,40,40,40,30,Yes,Yes,3,1,36,Male,35.83
Jake Livingstone,2,Perimeta SBC Deployment & Troubleshooting,40,40,40,40,40,40,40,30,30,40,40,40,Yes,Yes,4,4,52,Female,38.33
Jake Livingstone,2,Perimeta SBC Deployment & Troubleshooting,30,40,30,30,30,30,30,30,30,30,30,30,Yes,Yes,5,5,43,Male,30.83
Jake Livingstone,2,Perimeta SBC Deployment & Troubleshooting,40,40,40,40,40,,40,40,40,40,40,30,Yes,Yes,4,4,44,Male,39.09
Jake Livingstone,2,Perimeta SBC Deployment & Troubleshooting,40,40,40,30,30,30,30,30,30,30,30,30,Yes,Yes,5,5,55,Male,32.50
Jake Livingstone,2,Perimeta SBC Deployment & Troubleshooting,30,40,30,30,20,20,20,30,30,30,40,20,Yes,Yes,4,4,Prefer not to say,Male,28.33
Genaro Islas,1,System Overview,40,40,30,30,40,30,30,40,40,40,30,40,Yes,Yes,5,2,61,Male,35.83
Genaro Islas,1,System Overview,40,40,40,40,40,40,40,40,40,40,40,40,Yes,Yes,3,2,33,Male,40.00
Team of Instructors,1,System Overview,40,40,40,30,40,30,30,30,40,40,40,30,Yes,Yes,2,2,33,Male,35.83
Team of Instructors,1,System Overview,40,40,40,40,40,40,40,40,40,40,40,40,Yes,Yes,4,3,39,Male,40.00
,1,System Overview,,,,,,,,,,,,,,,,,Prefer not to say,,#DIV/0!
Dr. Michael Allen,1,CFS / UMG Troubleshooting,30,30,,30,30,30,30,30,30,20,30,30,No,Yes,3,2,47,Male,29.09
Dr. Michael Allen,1,CFS / UMG Troubleshooting,40,40,,30,30,30,30,30,30,30,40,30,Yes,Yes,5,2,60,Female,32.73
Dr. Michael Allen,1,CFS / UMG Troubleshooting,30,30,20,30,30,40,40,30,30,30,40,30,Yes,Yes,3,2,26,Male,31.67
Dr. Michael Allen,1,CFS / UMG Troubleshooting,40,30,30,30,30,40,30,40,40,40,40,30,Yes,Yes,3,2,36,Male,35.00
Dr. Michael Allen,1,CFS / UMG Troubleshooting,40,40,30,40,40,40,40,40,40,40,40,40,Yes,Yes,4,2,57,Male,39.17
Dr. Michael Allen,1,CFS / UMG Troubleshooting,30,30,30,30,30,30,30,30,30,30,30,30,No,Yes,4,2,37,Male,30.00
Dr. Michael Allen,1,CFS / UMG Troubleshooting,30,40,30,30,30,40,40,30,40,40,40,30,Yes,Yes,2,2,30,Male,35.00
Genaro Islas,1,Translations (North American Numbering Plan version),30,30,30,30,30,40,30,40,40,40,40,30,No,Yes,5,1,50,Male,34.17
Genaro Islas,1,Translations (North American Numbering Plan version),40,40,40,40,40,40,40,40,40,40,40,40,Yes,Yes,4,5,42,Male,40.00
Genaro Islas,1,Translations (North American Numbering Plan version),40,40,40,40,40,40,40,40,40,40,40,40,Yes,Yes,4,1,37,Male,40.00
Genaro Islas,1,Translations (North American Numbering Plan version),40,40,40,30,30,30,30,40,30,30,30,30,Yes,Yes,4,2,50,Male,33.33
Sunny Carter,1,Other (please specify),40,40,30,30,30,30,30,30,30,30,30,30,No,Yes,4,3,46,Female,31.67
Phil Aird,2,Perimeta SBC Deployment & Troubleshooting,30,40,30,30,30,30,30,30,40,40,30,30,Yes,Yes,5,1,57,Male,32.50
Phil Aird,2,Perimeta SBC Deployment & Troubleshooting,40,40,40,40,40,40,40,40,40,40,40,40,Yes,Yes,4,1,39,Male,40.00
Jason Anderson,1,HPBX Deployment & Troubleshooting,30,30,30,30,30,30,30,30,30,30,30,30,Yes,Yes,4,4,35,Male,30.00
Jason Anderson,1,HPBX Deployment & Troubleshooting,30,40,30,30,30,30,30,40,40,40,40,40,Yes,Yes,4,1,46,Male,35.00
Jason Anderson,1,HPBX Deployment & Troubleshooting,40,40,20,40,30,40,30,40,40,40,40,40,Yes,Yes,5,3,58,Male,36.67
Jason Anderson,1,HPBX Deployment & Troubleshooting,40,40,30,30,30,30,30,30,30,30,30,30,Yes,Yes,4,2,Prefer not to say,Male,31.67
Jason Anderson,1,HPBX Deployment & Troubleshooting,30,40,30,30,30,30,30,40,40,40,30,30,Yes,Yes,5,3,53,Male,33.33
Jason Anderson,1,HPBX Deployment & Troubleshooting,30,30,30,30,30,40,30,20,40,40,40,30,Yes,Yes,4,2,Prefer not to say,Male,32.50
Jason Anderson,1,HPBX Deployment & Troubleshooting,30,40,30,30,30,30,30,30,40,40,40,30,Yes,Yes,2,3,35,Male,33.33
Jason Anderson,1,HPBX Deployment & Troubleshooting,30,30,20,30,20,40,40,30,40,40,40,30,Yes,Yes,2,1,Prefer not to say,Male,32.50
Jason Anderson,1,HPBX Deployment & Troubleshooting,30,30,30,30,30,30,30,30,30,30,30,30,Yes,Yes,4,4,35,Male,30.00
Phil Aird,1,Perimeta SBC Deployment & Troubleshooting,40,40,30,40,40,40,40,30,40,40,40,40,Yes,Yes,5,1,58,Male,38.33
Phil Aird,2,Perimeta SBC Deployment & Troubleshooting,40,40,40,40,40,40,40,30,40,40,40,40,Yes,Yes,5,1,53,Male,39.17
Phil Aird,2,Perimeta SBC Deployment & Troubleshooting,30,30,30,30,30,30,30,30,30,30,30,30,Yes,Yes,5,1,Prefer not to say,Male,30.00
Phil Aird,2,Perimeta SBC Deployment & Troubleshooting,30,30,30,30,30,30,30,20,30,30,30,30,Yes,Yes,5,1,57,Male,29.17
Phil Aird,2,Perimeta SBC Deployment & Troubleshooting,40,40,30,30,30,30,30,30,30,30,30,30,Yes,Yes,5,1,50,Male,31.67
Phil Aird,2,Perimeta SBC Deployment & Troubleshooting,40,40,40,40,40,40,30,30,40,30,40,40,Yes,Yes,5,1,52,Male,37.50
Jake Livingstone,0,HPBX CSR Provisioning,40,30,40,30,30,30,30,30,40,40,40,30,Yes,Yes,5,1,Prefer not to say,Female,34.17
,0,System Overview,,,,,,,,,,,,,,,,,Prefer not to say,,#DIV/0!
Jake Livingstone,2,HPBX CSR Provisioning,40,40,30,,30,40,40,30,40,30,40,30,No,Yes,4,1,50,Male,35.45
Jake Livingstone,0,HPBX CSR Provisioning,30,30,30,30,30,30,30,30,30,30,30,30,Yes,Yes,4,1,54,Male,30.00
Jake Livingstone,2,HPBX CSR Provisioning,40,40,30,30,30,40,40,40,40,40,40,30,Yes,Yes,4,1,Prefer not to say,Female,36.67
Jake Livingstone,2,HPBX CSR Provisioning,40,40,40,40,30,40,40,40,40,40,40,40,Yes,Yes,5,1,57,Male,39.17
Jake Livingstone,0,Other (please specify),30,30,40,30,30,30,30,30,30,30,30,30,No,Yes,4,1,52,Male,30.83
Jake Livingstone,0,HPBX CSR Provisioning,40,40,40,40,40,30,40,40,40,40,40,30,No,Yes,4,,50,Male,38.33
Jake Livingstone,2,HPBX CSR Provisioning,30,30,30,30,30,30,30,30,30,30,30,30,Yes,Yes,4,1,46,Male,30.00
Jake Livingstone,2,Other (please specify),40,40,40,30,30,40,40,40,40,40,40,30,Yes,Yes,4,,43,Female,37.50
Jake Livingstone,2,HPBX CSR Provisioning,40,40,30,30,40,30,40,30,30,30,40,40,No,Yes,3,2,32,Female,35.00
Jason Anderson,1,HPBX Deployment & Troubleshooting,30,30,30,30,30,30,30,30,30,30,30,30,No,Yes,5,3,43,Male,30.00
Jason Anderson,1,HPBX Deployment & Troubleshooting,40,40,40,40,40,40,40,40,40,40,40,40,Yes,Yes,3,4,32,Male,40.00
Sunny Carter,1,Other (please specify),40,40,20,20,30,40,40,40,40,30,40,30,No,Yes,5,1,57,Male,34.17
Sunny Carter,1,Advanced Translations,40,40,40,40,40,40,40,40,40,40,40,40,Yes,Yes,4,1,59,Male,40.00
Sunny Carter,1,Translations (International version),40,40,30,,30,30,30,40,40,40,40,30,No,Yes,5,1,46,Male,35.45
Dr. Michael Allen,2,Other (please specify),40,40,30,30,40,40,30,30,,40,40,30,Yes,Yes,5,2,54,Male,35.45
Dr. Michael Allen,0,Other (please specify),40,40,30,30,40,40,40,30,30,30,30,30,Yes,Yes,5,4,59,Male,34.17
Dr. Michael Allen,2,Other (please specify),40,40,40,40,40,40,40,30,30,30,40,30,Yes,Yes,5,4,53,Male,36.67
Dr. Michael Allen,2,Other (please specify),30,30,30,30,30,30,30,30,30,30,30,30,Yes,Yes,5,1,63,Male,30.00
Dr. Michael Allen,0,CFS / UMG Troubleshooting,40,40,30,40,30,40,40,30,10,30,30,30,Yes,Yes,5,1,60,Male,32.50
Dr. Michael Allen,0,Other (please specify),40,40,40,30,40,30,30,30,30,30,30,30,Yes,Yes,5,1,61,Male,33.33
Dr. Michael Allen,0,Other (please specify),40,40,30,30,30,30,30,30,30,30,30,30,Yes,Yes,4,1,44,Male,31.67
Dr. Michael Allen,0,Other (please specify),40,40,40,30,30,30,40,30,40,40,30,30,Yes,Yes,3,4,35,Male,35.00
Dr. Michael Allen,2,Other (please specify),40,40,40,40,40,40,40,30,30,30,40,40,Yes,Yes,5,1,46,Male,37.50
Dr. Michael Allen,2,Other (please specify),40,40,40,40,40,40,40,30,30,30,40,40,Yes,Yes,4,1,56,Male,37.50
Dr. Michael Allen,2,Other (please specify),40,40,40,40,40,40,40,40,40,40,40,40,Yes,Yes,4,1,31,Male,40.00
Carlos Simoni,0,Perimeta SBC Deployment & Troubleshooting,30,30,30,30,30,30,20,30,30,30,30,30,Yes,Yes,4,2,36,Male,29.17
Carlos Simoni,0,Perimeta SBC Deployment & Troubleshooting,30,30,30,30,30,30,30,30,20,30,30,30,Yes,Yes,4,2,47,Male,29.17
Carlos Simoni,2,Perimeta SBC Deployment & Troubleshooting,30,30,30,30,30,30,30,30,30,30,30,30,Yes,Yes,4,1,42,Male,30.00
Carlos Simoni,0,Perimeta SBC Deployment & Troubleshooting,40,40,30,30,30,40,40,,,,40,40,No,Yes,4,1,42,Female,36.67
Carlos Simoni,0,Perimeta SBC Deployment & Troubleshooting,40,40,30,30,30,40,40,30,30,30,30,30,Yes,Yes,4,2,42,Male,33.33
Carlos Simoni,2,Perimeta SBC Deployment & Troubleshooting,30,30,30,30,30,30,40,30,40,30,30,30,Yes,Yes,1,1,52,Male,31.67
Carlos Simoni,2,Perimeta SBC Deployment & Troubleshooting,30,30,30,30,30,30,30,30,30,30,30,30,Yes,Yes,3,1,Prefer not to say,I Prefer Not to Say,30.00
Carlos Simoni,2,Perimeta SBC Deployment & Troubleshooting,40,40,30,30,30,40,30,30,30,30,30,30,Yes,Yes,2,1,32,Male,32.50
Carlos Simoni,0,Perimeta SBC Deployment & Troubleshooting,40,40,30,30,30,30,40,20,30,30,30,30,Yes,Yes,5,1,52,Male,31.67
Carlos Simoni,2,Perimeta SBC Deployment & Troubleshooting,20,20,20,20,20,30,20,30,30,30,30,20,No,No,3,2,33,Female,24.17
Carlos Simoni,2,HPBX Deployment & Troubleshooting,40,40,30,30,40,40,40,30,40,40,40,30,Yes,Yes,4,1,35,Male,36.67
Carlos Simoni,2,Perimeta SBC Deployment & Troubleshooting,40,40,40,40,40,40,40,30,40,40,40,30,Yes,Yes,4,1,40,Male,38.33
Carlos Simoni,2,Perimeta SBC Deployment & Troubleshooting,40,40,30,30,30,30,30,30,30,30,20,30,Yes,Yes,5,2,50 AÑOS,Male,30.83
Carlos Simoni,0,Perimeta SBC Deployment & Troubleshooting,40,40,30,30,30,30,30,30,30,30,30,30,Yes,Yes,4,1,43,Male,31.67
Carlos Simoni,2,Perimeta SBC Deployment & Troubleshooting,30,30,30,20,30,30,40,20,30,30,30,30,Yes,Yes,5,1,54,Male,29.17
Carlos Simoni,0,Perimeta SBC Deployment & Troubleshooting,40,40,40,40,40,40,40,30,30,30,30,30,Yes,Yes,2,3,33,Male,35.83
Carlos Simoni,2,Perimeta SBC Deployment & Troubleshooting,30,30,30,30,30,30,40,30,40,30,30,30,Yes,Yes,1,2,24,Female,31.67
Carlos Simoni,0,Other (please specify),30,40,20,20,30,30,30,20,30,30,30,30,Yes,Yes,3,1,37,Male,28.33
Carlos Simoni,2,Perimeta SBC Deployment & Troubleshooting,30,30,,,,,,,,,,,,,,,Prefer not to say,,30.00
,0,Other (please specify),,,,,,,,,,,,,,,,,Prefer not to say,,#DIV/0!
Carlos Simoni,0,Perimeta SBC Deployment & Troubleshooting,40,40,40,40,30,30,30,30,40,40,40,40,Yes,Yes,3,1,34,Female,36.67
Carlos Simoni,2,Features & Applications,40,40,40,40,40,30,40,40,40,40,40,,No,Yes,4,2,Prefer not to say,Male,39.09
Carlos Simoni,2,Perimeta SBC Deployment & Troubleshooting,30,40,30,,30,40,40,30,30,40,30,30,No,Yes,5,1,Prefer not to say,Female,33.64
Carlos Simoni,2,Perimeta SBC Deployment & Troubleshooting,40,40,40,40,40,40,40,40,40,40,40,40,Yes,Yes,3,1,Prefer not to say,Female,40.00
Carlos Simoni,2,HPBX Deployment & Troubleshooting,40,40,40,40,30,30,40,30,40,30,30,30,Yes,Yes,4,1,38,Male,35.00
Carlos Simoni,2,Other (please specify),40,40,30,30,30,30,40,30,40,30,40,30,Yes,Yes,2,1,30,Male,34.17
Dr. Michael Allen,1,System Overview,40,40,40,40,40,40,40,40,40,40,40,40,Yes,Yes,5,1,47,Male,40.00
Dr. Michael Allen,1,CFS / UMG Troubleshooting,40,40,30,30,30,30,30,40,30,30,40,30,Yes,Yes,4,1,58,Male,33.33
Dr. Michael Allen,2,Other (please specify),40,40,40,40,40,30,30,40,30,40,40,40,Yes,Yes,5,2,69,Male,37.50
Dr. Michael Allen,1,CFS / UMG Troubleshooting,40,30,20,20,30,30,30,20,40,40,40,20,No,Yes,3,1,32,Female,30.00
Dr. Michael Allen,2,CFS / UMG Troubleshooting,40,40,30,30,30,30,30,30,30,30,30,30,Yes,Yes,4,1,50,Male,31.67
Dr. Michael Allen,2,Other (please specify),30,30,30,30,30,30,40,30,30,30,30,30,Yes,Yes,3,1,62,Male,30.83
Dr. Michael Allen,2,CFS / UMG Troubleshooting,40,40,40,40,40,40,40,40,40,40,40,40,Yes,Yes,5,1,53,Male,40.00
Dr. Michael Allen,2,Other (please specify),40,40,30,30,30,40,40,30,30,30,30,30,No,Yes,2,1,Prefer not to say,Female,33.33
Dr. Michael Allen,2,CFS / UMG Troubleshooting,40,40,40,40,40,40,40,30,40,40,40,30,Yes,Yes,3,1,44,Female,38.33
Dr. Michael Allen,2,CFS / UMG Troubleshooting,30,40,30,30,30,30,40,40,,30,30,30,Yes,Yes,5,2,Prefer not to say,Male,32.73
Dr. Michael Allen,2,CFS / UMG Troubleshooting,40,40,40,40,40,40,40,30,30,30,40,30,Yes,Yes,5,1,58,Male,36.67
Dr. Michael Allen,2,CFS / UMG Troubleshooting,40,40,30,40,30,40,40,40,30,30,40,30,Yes,Yes,4,2,51,Male,35.83
Dr. Michael Allen,2,CFS / UMG Troubleshooting,40,40,30,30,30,40,40,30,40,40,40,30,Yes,Yes,3,1,Prefer not to say,Female,35.83
Dr. Michael Allen,2,CFS / UMG Troubleshooting,30,30,30,30,30,30,30,30,30,30,30,30,No,Yes,3,1,39,Male,30.00
Dr. Michael Allen,0,CFS / UMG Troubleshooting,40,40,30,30,40,40,40,30,10,40,40,40,Yes,Yes,4,1,45,Female,35.00
Dr. Michael Allen,2,Other (please specify),30,30,30,20,20,,30,20,20,20,30,30,Yes,Yes,4,1,Prefer not to say,I Prefer Not to Say,25.45
Dr. Michael Allen,2,CFS / UMG Troubleshooting,40,40,40,40,40,40,40,30,40,40,40,40,Yes,Yes,5,2,38,Male,39.17
Jake Livingstone,0,Perimeta SBC Deployment & Troubleshooting,40,40,40,40,40,40,30,30,40,40,40,30,Yes,Yes,4,2,47,Male,37.50
Jake Livingstone,0,Perimeta SBC Deployment & Troubleshooting,40,40,30,40,40,40,40,30,40,40,40,30,Yes,Yes,5,4,52,Male,37.50
Jake Livingstone,0,Perimeta SBC Deployment & Troubleshooting,40,40,40,40,40,40,40,40,40,40,40,40,Yes,Yes,4,4,36,Male,40.00
Jake Livingstone,0,Perimeta SBC Deployment & Troubleshooting,40,40,30,30,30,30,30,30,30,40,40,30,Yes,Yes,5,3,45,Male,33.33
Jake Livingstone,0,Perimeta SBC Deployment & Troubleshooting,40,40,40,40,40,30,40,20,40,40,20,30,Yes,Yes,2,3,33,Male,35.00
Jake Livingstone,0,Perimeta SBC Deployment & Troubleshooting,40,40,40,40,40,40,40,40,40,40,40,40,Yes,Yes,4,2,32,Male,40.00
Team of Instructors,1,System Overview,40,40,30,30,30,30,30,40,40,30,40,30,Yes,Yes,4,1,44,Male,34.17
Team of Instructors,1,System Overview,40,40,40,30,40,40,40,40,40,40,40,40,Yes,Yes,2,2,43,Male,39.17
Genaro Islas,1,System Overview,40,40,40,40,40,40,40,40,40,40,40,40,Yes,Yes,4,1,41,Female,40.00
Team of Instructors,1,System Overview,40,40,40,40,40,40,40,40,40,40,40,30,Yes,Yes,2,1,36,Male,39.17
Team of Instructors,1,System Overview,40,40,40,40,40,40,30,40,40,40,40,40,No,Yes,4,1,28,Male,39.17
Team of Instructors,1,System Overview,40,40,40,40,40,40,40,40,40,40,40,40,Yes,Yes,3,2,27,Male,40.00
Team of Instructors,1,System Overview,40,40,30,40,30,40,40,30,40,40,40,30,Yes,Yes,2,4,31,Female,36.67
Phil Aird,1,Deployment Overview,40,40,40,40,40,40,40,40,40,40,40,40,Yes,Yes,3,1,Prefer not to say,Female,40.00
Team of Instructors,1,System Overview,40,40,40,40,40,40,40,40,40,40,40,40,Yes,Yes,4,2,44,Male,40.00
Dr. Michael Allen,0,EAS Administration & Troubleshooting,40,40,40,40,40,40,30,40,40,40,40,40,Yes,Yes,5,1,55,Male,39.17
Dr. Michael Allen,0,EAS Administration & Troubleshooting,40,40,40,40,40,30,40,40,40,40,40,40,Yes,Yes,2,2,Prefer not to say,Male,39.17
Dr. Michael Allen,0,EAS Administration & Troubleshooting,40,40,40,40,40,40,40,30,30,40,40,40,Yes,Yes,5,1,Prefer not to say,Male,38.33
Dr. Michael Allen,0,EAS Administration & Troubleshooting,40,40,40,40,40,30,40,30,40,40,40,40,Yes,Yes,5,2,50,Male,38.33
Dr. Michael Allen,0,EAS Administration & Troubleshooting,40,40,40,40,40,40,40,30,40,40,40,40,Yes,Yes,4,2,31,Male,39.17
Dr. Michael Allen,0,EAS Administration & Troubleshooting,40,40,40,40,40,30,40,40,40,40,40,40,Yes,Yes,3,2,34,Male,39.17
Dr. Michael Allen,0,EAS Administration & Troubleshooting,40,40,40,30,40,40,30,30,30,30,30,30,Yes,Yes,4,2,Prefer not to say,Female,34.17
,0,Advanced Translations,20,,,,,,,,40,,,,,,,,Prefer not to say,,30.00
Genaro Islas,2,Translations (International version),40,40,30,30,30,30,30,40,30,30,30,30,Yes,Yes,3,2,33,Male,32.50
Genaro Islas,2,Translations (International version),40,40,40,40,40,40,40,40,40,40,40,40,Yes,Yes,5,2,55,Male,40.00
Genaro Islas,2,Translations (International version),40,40,40,40,40,40,40,40,40,40,40,40,Yes,Yes,5,1,39,Male,40.00
Jake Livingstone,4,HPBX CSR Provisioning,40,40,40,30,30,40,40,30,40,30,40,40,Yes,Yes,2,4,41,Female,36.67
Jake Livingstone,4,HPBX CSR Provisioning,40,40,40,40,40,40,40,30,40,40,40,40,No,Yes,3,4,Prefer not to say,Female,39.17
Jake Livingstone,4,HPBX CSR Provisioning,30,30,30,30,30,30,30,30,30,30,30,30,Yes,Yes,5,2,62,Male,30.00
Jake Livingstone,4,HPBX CSR Provisioning,40,40,,,,40,40,30,40,40,40,20,No,Yes,3,3,43,Female,36.67
Jake Livingstone,4,HPBX CSR Provisioning,40,40,40,40,40,40,40,40,40,40,40,40,Yes,Yes,3,2,33,Male,40.00
Jake Livingstone,4,Other (please specify),40,40,40,40,40,40,40,40,40,40,40,40,Yes,Yes,3,1,42,Male,40.00
Jake Livingstone,4,HPBX CSR Provisioning,40,40,30,30,30,30,30,30,30,30,30,30,Yes,Yes,4,4,53,Female,31.67
Jake Livingstone,4,HPBX CSR Provisioning,40,40,40,40,40,40,40,40,40,40,40,40,Yes,Yes,2,4,Prefer not to say,Female,40.00
,0,Features & Applications,,,,,,,,,,,,,,,,,Prefer not to say,,#DIV/0!
,0,Advanced Translations,,,,,,,,,,,,,,,,,Prefer not to say,,#DIV/0!
,0,Translations (International version),,,,,,,,,,,,,,,,,Prefer not to say,,#DIV/0!
Sunny Carter,2,Perimeta SBC Deployment & Troubleshooting,40,40,30,30,30,30,30,30,20,30,30,30,Yes,Yes,5,1,59,Male,30.83
Sunny Carter,0,Perimeta SBC Deployment & Troubleshooting,40,40,40,40,30,30,40,30,30,40,30,30,Yes,Yes,5,2,45,Male,35.00
Sunny Carter,0,Perimeta SBC Deployment & Troubleshooting,30,30,30,30,30,30,30,30,20,30,30,30,Yes,Yes,2,2,60,Male,29.17
Sunny Carter,0,Perimeta SBC Deployment & Troubleshooting,40,40,40,40,40,30,30,30,30,30,40,40,Yes,Yes,4,2,49,Female,35.83
Sunny Carter,0,Perimeta SBC Deployment & Troubleshooting,40,40,40,40,40,30,30,30,30,30,40,30,Yes,Yes,4,1,Prefer not to say,Female,35.00
Sunny Carter,2,Perimeta SBC Deployment & Troubleshooting,30,40,30,30,30,30,30,30,30,30,30,30,Yes,Yes,5,4,Prefer not to say,Male,30.83
Sunny Carter,2,Perimeta SBC Deployment & Troubleshooting,40,40,20,40,20,40,40,40,40,40,40,40,Yes,Yes,4,4,35,Male,36.67
Sunny Carter,2,Perimeta SBC Deployment & Troubleshooting,40,40,40,40,40,30,40,30,40,40,30,40,Yes,Yes,5,1,50,Male,37.50
Sunny Carter,2,Perimeta SBC Deployment & Troubleshooting,40,40,30,30,30,20,40,30,40,40,40,40,No,Yes,5,4,49,Male,35.00
Sunny Carter,2,Perimeta SBC Deployment & Troubleshooting,40,40,30,30,30,30,30,20,30,30,30,40,Yes,Yes,4,2,51,Male,31.67
Team of Instructors,1,HPBX Deployment & Troubleshooting,40,40,30,30,30,30,30,30,30,30,30,30,No,Yes,4,1,41,Male,31.67
Team of Instructors,1,HPBX Deployment & Troubleshooting,30,40,20,30,30,40,40,40,40,40,40,30,Yes,Yes,5,2,64,Male,35.00
Team of Instructors,1,HPBX Deployment & Troubleshooting,40,40,30,30,30,30,30,40,40,40,40,30,Yes,Yes,4,2,Prefer not to say,Male,35.00
Team of Instructors,1,HPBX Fundamentals,30,30,30,30,30,30,30,40,30,30,30,30,Yes,Yes,2,3,29,Male,30.83
Team of Instructors,1,HPBX Deployment & Troubleshooting,40,40,30,30,30,30,30,40,40,30,40,40,Yes,Yes,5,4,56,Male,35.00
Team of Instructors,1,HPBX Deployment & Troubleshooting,40,40,40,40,40,40,40,40,30,40,40,40,Yes,Yes,5,4,Prefer not to say,Male,39.17
Team of Instructors,1,HPBX Deployment & Troubleshooting,30,40,30,30,30,30,30,30,30,30,30,40,Yes,Yes,4,1,46,Male,31.67
Team of Instructors,1,HPBX Deployment & Troubleshooting,40,40,30,30,30,30,30,40,40,40,40,30,Yes,Yes,2,4,32,Male,35.00
Team of Instructors,1,HPBX Deployment & Troubleshooting,30,30,40,30,40,40,40,40,40,40,40,30,No,Yes,4,4,Prefer not to say,Male,36.67
Team of Instructors,1,HPBX Deployment & Troubleshooting,40,40,30,30,20,30,30,40,40,30,40,40,No,Yes,4,4,39,Male,34.17
Team of Instructors,1,HPBX Deployment & Troubleshooting,40,40,30,40,40,40,40,40,40,30,40,30,Yes,Yes,4,4,35,Male,37.50
Jake Livingstone,1,Translations (North American Numbering Plan version),20,20,20,20,30,20,20,30,30,30,30,20,Yes,Yes,4,2,46,Female,24.17
Jake Livingstone,1,Translations (North American Numbering Plan version),40,40,30,30,30,30,30,20,40,40,40,40,Yes,Yes,4,2,37,Male,34.17
Jake Livingstone,1,Translations (North American Numbering Plan version),40,30,,30,40,30,40,40,40,40,40,40,Yes,Yes,5,4,Prefer not to say,Male,37.27
Jake Livingstone,1,Translations (North American Numbering Plan version),40,40,40,40,40,40,40,40,40,40,40,40,Yes,Yes,4,5,38,Male,40.00
Jake Livingstone,1,Translations (North American Numbering Plan version),30,30,30,,30,30,30,30,30,30,30,30,Yes,Yes,4,1,45,I Prefer Not to Say,30.00
Jake Livingstone,1,Translations (North American Numbering Plan version),30,30,10,10,30,30,30,20,40,40,40,30,Yes,No,4,4,53,Female,28.33
Jake Livingstone,1,Translations (North American Numbering Plan version),40,40,30,30,30,30,40,40,40,40,40,40,Yes,Yes,4,2,45,Male,36.67
Jason Anderson,1,Translations (North American Numbering Plan version),40,40,20,30,40,40,40,40,40,40,40,40,Yes,Yes,1,2,31,Female,37.50
,0,Advanced Translations,,,,,,,,,,,,,,,,,Prefer not to say,,#DIV/0!
Jason Anderson,1,Perimeta SBC Deployment & Troubleshooting,20,20,20,10,30,30,30,30,30,30,30,30,Yes,Yes,3,1,Prefer not to say,Male,25.83
Jason Anderson,1,Perimeta SBC Deployment & Troubleshooting,30,20,20,20,20,30,30,30,30,30,30,30,Yes,,3,1,Prefer not to say,Male,26.67
Dr. Michael Allen,1,EAS Administration & Troubleshooting,40,40,30,30,30,30,30,30,30,30,30,30,Yes,Yes,4,5,46,Male,31.67
Dr. Michael Allen,1,EAS Administration & Troubleshooting,40,40,30,30,40,30,30,30,40,40,40,40,Yes,Yes,1,2,46,Male,35.83
Dr. Michael Allen,1,EAS Administration & Troubleshooting,40,40,30,40,40,30,40,40,40,40,40,40,Yes,Yes,5,1,Prefer not to say,Male,38.33
Dr. Michael Allen,1,EAS Administration & Troubleshooting,40,40,40,40,40,40,40,40,40,40,40,40,Yes,Yes,2,2,27,Male,40.00
Dr. Michael Allen,1,EAS Administration & Troubleshooting,40,40,40,40,40,30,30,30,40,40,40,40,Yes,Yes,4,4,35,Male,37.50
Dr. Michael Allen,1,EAS Administration & Troubleshooting,40,40,30,40,40,40,40,30,40,40,40,40,Yes,Yes,2,1,27,Male,38.33
Jim Pellegrini,1,Advanced Translations,,,,,,,,,,,,,,,,,Prefer not to say,,#DIV/0!
,0,Deployment Overview,,,,,,,,,,,,,,,,,Prefer not to say,,#DIV/0!
Carlos Simoni,2,Perimeta SBC Deployment & Troubleshooting,40,40,30,30,30,40,40,30,30,30,40,30,Yes,Yes,3,2,38,Male,34.17
Carlos Simoni,2,Perimeta SBC Deployment & Troubleshooting,40,40,40,30,30,30,30,30,30,30,40,30,Yes,Yes,4,2,Prefer not to say,Male,33.33
Carlos Simoni,2,Perimeta SBC Deployment & Troubleshooting,40,40,30,40,40,40,40,40,40,30,40,40,Yes,Yes,3,1,34,Male,38.33
Carlos Simoni,2,Perimeta SBC Deployment & Troubleshooting,30,30,30,30,30,30,30,30,30,30,30,30,Yes,Yes,3,1,33,Male,30.00
Carlos Simoni,2,Perimeta SBC Deployment & Troubleshooting,40,40,40,40,40,40,40,30,30,30,40,30,Yes,Yes,5,2,55,Male,36.67
Carlos Simoni,2,Perimeta SBC Deployment & Troubleshooting,40,30,40,40,40,30,40,40,40,30,40,40,Yes,Yes,4,1,39,Male,37.50
Jason Anderson,1,Perimeta SBC Deployment & Troubleshooting,30,30,30,30,30,40,40,30,30,30,40,30,Yes,Yes,4,3,38,Male,32.50
Jason Anderson,1,Perimeta SBC Deployment & Troubleshooting,30,30,20,30,30,40,40,40,40,40,40,30,Yes,Yes,3,4,32,Male,34.17
Team of Instructors,1,Perimeta SBC Deployment & Troubleshooting,40,40,30,40,30,40,30,30,40,40,40,40,Yes,Yes,2,3,Prefer not to say,Male,36.67
Jason Anderson,1,Perimeta SBC Deployment & Troubleshooting,30,30,,30,,30,30,30,30,30,30,30,No,Yes,4,4,33,Male,30.00
Jason Anderson,1,Perimeta SBC Deployment & Troubleshooting,20,30,30,20,30,30,30,40,40,30,30,30,No,Yes,3,3,Prefer not to say,Male,30.00
Jason Anderson,1,Perimeta SBC Deployment & Troubleshooting,30,40,30,30,30,30,30,40,40,40,40,30,Yes,Yes,3,1,38,Male,34.17
Jason Anderson,1,Perimeta SBC Deployment & Troubleshooting,20,30,20,30,30,10,30,40,30,30,30,30,No,Yes,4,2,46,Male,27.50
Jason Anderson,1,Perimeta SBC Deployment & Troubleshooting,40,40,30,30,20,40,30,40,40,40,40,20,Yes,Yes,4,5,Prefer not to say,Male,34.17
Jason Anderson,1,Perimeta SBC Deployment & Troubleshooting,30,40,30,30,30,30,30,30,30,30,30,30,Yes,Yes,3,1,31,Male,30.83
Jason Anderson,1,Perimeta SBC Deployment & Troubleshooting,30,40,30,30,30,40,30,30,40,40,40,30,Yes,Yes,3,3,30,Male,34.17
Jason Anderson,1,Perimeta SBC Deployment & Troubleshooting,30,30,30,30,30,30,30,30,30,20,30,30,No,Yes,3,5,29,Male,29.17
Dr. Michael Allen,0,Other (please specify),40,40,30,30,30,30,40,40,30,30,40,30,Yes,Yes,5,1,58,Male,34.17
Dr. Michael Allen,2,Other (please specify),40,40,30,30,30,40,30,30,30,30,30,30,Yes,Yes,5,1,51,Male,32.50
Dr. Michael Allen,0,Other (please specify),40,40,40,30,40,40,40,30,40,40,40,40,No,Yes,5,1,58,Male,38.33
Dr. Michael Allen,0,Other (please specify),40,40,,,40,40,40,40,10,40,40,30,Yes,Yes,4,3,45,Male,36.00
Dr. Michael Allen,0,Other (please specify),40,40,40,30,40,40,40,40,30,40,40,30,No,Yes,5,1,56,Male,37.50
Dr. Michael Allen,2,Other (please specify),30,40,30,30,30,30,30,30,30,40,30,30,Yes,Yes,4,1,35/36,Male,31.67
Dr. Michael Allen,2,Other (please specify),40,40,40,30,40,40,40,40,40,40,40,30,Yes,Yes,4,1,36,Male,38.33
Dr. Michael Allen,2,Other (please specify),40,40,30,30,30,40,40,30,30,30,,40,Yes,Yes,5,1,53,Male,34.55
Dr. Michael Allen,2,Other (please specify),40,40,30,40,40,40,40,30,30,40,40,40,Yes,Yes,4,4,43,Male,37.50
Dr. Michael Allen,2,Other (please specify),40,40,40,40,40,40,40,40,40,40,40,40,Yes,Yes,4,4,36,Male,40.00
Dr. Michael Allen,2,Other (please specify),40,40,40,40,40,40,40,40,40,40,40,40,Yes,Yes,4,3,46,Male,40.00
Dr. Michael Allen,2,Other (please specify),40,40,40,30,40,40,40,40,30,40,40,30,Yes,Yes,5,1,51,Male,37.50
Genaro Islas,1,System Overview,40,40,30,40,40,40,40,40,40,40,40,30,Yes,Yes,4,1,52,Male,38.33
Genaro Islas,1,System Overview,40,40,30,30,30,30,30,30,30,30,30,30,Yes,Yes,5,1,49,Male,31.67
Genaro Islas,1,System Overview,30,30,30,30,,30,30,30,30,30,30,30,Yes,Yes,2,2,23,Male,30.00
Genaro Islas,1,System Overview,40,40,30,30,30,30,40,40,40,40,40,40,Yes,Yes,5,1,51,Male,36.67
Genaro Islas,1,System Overview,40,40,40,40,30,30,30,40,40,30,30,40,Yes,Yes,2,3,28,Male,35.83
Genaro Islas,1,System Overview,40,40,40,40,40,40,40,40,40,40,40,30,Yes,Yes,2,4,28,Male,39.17
Genaro Islas,1,System Overview,40,40,30,30,30,30,30,30,30,30,30,30,Yes,Yes,4,3,50,Male,31.67
Genaro Islas,1,System Overview,40,40,40,40,40,40,40,40,40,40,40,40,Yes,Yes,4,2,41,Male,40.00
Genaro Islas,1,System Overview,40,30,30,30,30,30,30,30,30,30,30,30,Yes,Yes,4,5,54,Male,30.83
Genaro Islas,1,System Overview,40,40,30,30,30,30,30,30,30,40,40,30,Yes,Yes,5,1,Prefer not to say,Male,33.33
Genaro Islas,1,System Overview,40,30,30,30,30,30,40,40,40,40,40,30,Yes,Yes,2,1,21,Male,35.00
Jim Pellegrini,2,EAS Administration & Troubleshooting,40,40,30,30,30,40,40,30,30,40,40,40,No,Yes,4,2,35,Male,35.83
Jim Pellegrini,2,EAS Administration & Troubleshooting,40,40,40,30,30,30,30,30,30,30,40,30,Yes,Yes,4,4,37,Male,33.33
Jim Pellegrini,2,EAS Administration & Troubleshooting,30,30,30,30,30,30,30,30,30,30,30,30,No,No,4,3,Prefer not to say,I Prefer Not to Say,30.00
Jim Pellegrini,0,EAS Administration & Troubleshooting,30,30,30,30,30,30,30,30,30,30,30,30,No,No,3,3,35,Male,30.00
Jim Pellegrini,2,EAS Administration & Troubleshooting,40,40,40,40,40,40,40,40,40,30,40,40,Yes,Yes,4,4,37,Male,39.17
Jim Pellegrini,2,EAS Administration & Troubleshooting,40,40,30,30,20,30,30,30,30,30,30,10,Yes,No,3,2,Prefer not to say,,29.17
Jim Pellegrini,2,EAS Administration & Troubleshooting,30,30,30,30,30,30,30,30,30,30,30,30,Yes,Yes,4,3,Prefer not to say,I Prefer Not to Say,30.00
Phil Aird,1,HPBX Fundamentals,30,40,30,30,30,30,30,40,40,40,40,40,Yes,Yes,3,2,30,Male,35.00
Phil Aird,1,HPBX Fundamentals,40,40,30,30,30,30,30,40,30,40,40,30,Yes,Yes,3,2,33,Male,34.17
Genaro Islas,0,Perimeta SBC Deployment & Troubleshooting,40,30,30,30,30,40,40,30,30,30,30,40,Yes,Yes,3,3,27,Female,33.33
Genaro Islas,2,Perimeta SBC Deployment & Troubleshooting,40,40,40,40,40,40,40,30,40,40,40,30,Yes,Yes,1,2,Prefer not to say,Male,38.33
Genaro Islas,2,Perimeta SBC Deployment & Troubleshooting,30,30,30,30,40,40,40,40,30,40,40,40,Yes,Yes,1,1,25,Male,35.83
Genaro Islas,2,Perimeta SBC Deployment & Troubleshooting,40,40,40,40,40,40,40,40,40,30,40,40,Yes,Yes,3,2,32,Male,39.17
Genaro Islas,2,Perimeta SBC Deployment & Troubleshooting,40,40,40,40,40,40,40,40,40,40,40,40,Yes,Yes,1,3,27,Male,40.00
Genaro Islas,2,Perimeta SBC Deployment & Troubleshooting,40,40,30,30,40,30,30,30,30,40,40,30,Yes,Yes,2,2,32,Male,34.17
Genaro Islas,2,Perimeta SBC Deployment & Troubleshooting,30,40,30,40,40,30,40,30,30,30,30,30,Yes,Yes,4,1,48,Male,33.33
Genaro Islas,2,Perimeta SBC Deployment & Troubleshooting,30,30,30,30,40,30,30,30,40,20,40,30,Yes,Yes,2,3,24,Male,31.67
Genaro Islas,0,Perimeta SBC Deployment & Troubleshooting,30,40,30,30,30,30,30,30,30,30,30,30,Yes,Yes,2,3,23,Male,30.83
Sunny Carter,1,Deployment Overview,30,40,30,30,40,30,30,40,30,40,40,40,No,Yes,4,1,51,Male,35.00
Team of Instructors,1,Deployment Overview,40,40,40,30,40,40,40,40,40,40,40,40,Yes,Yes,3,3,33,Male,39.17
Team of Instructors,1,Deployment Overview,40,40,40,40,40,40,40,40,40,40,40,40,Yes,Yes,3,2,28,Male,40.00
Team of Instructors,1,Deployment Overview,40,40,40,30,30,30,40,40,30,40,30,30,Yes,Yes,4,1,38,Male,35.00
Sunny Carter,1,Deployment Overview,40,30,30,30,30,30,30,40,40,40,40,30,Yes,Yes,4,3,38,Male,34.17
Team of Instructors,1,Deployment Overview,40,40,40,40,40,40,40,40,40,40,40,40,Yes,Yes,5,2,40,Male,40.00
Jim Pellegrini,1,Market Visions Marketing Boot Camp,40,40,40,40,40,40,40,30,40,40,40,30,Yes,Yes,4,3,41,Male,38.33
Graham Weeks,2,Other (please specify),30,30,30,30,30,30,30,40,30,30,30,30,Yes,Yes,4,1,43,Male,30.83
Graham Weeks,0,Other (please specify),30,30,30,30,30,30,30,30,30,30,30,30,Yes,Yes,3,,45,Male,30.00
Graham Weeks,0,Other (please specify),30,30,30,30,30,30,30,30,30,30,30,30,Yes,Yes,4,1,37,Male,30.00
Graham Weeks,2,CSR Provisioning,30,30,30,30,30,30,30,30,30,30,30,30,Yes,Yes,3,1,30,Female,30.00
Graham Weeks,2,Other (please specify),40,40,30,30,30,30,30,30,30,30,30,30,Yes,Yes,4,1,44,Male,31.67
Graham Weeks,0,HPBX CSR Provisioning,30,30,30,30,30,,,30,,,30,30,Yes,Yes,4,1,Prefer not to say,Male,30.00
Graham Weeks,2,Other (please specify),30,40,30,30,30,,,,,,,30,Yes,Yes,,1,38,Female,31.67
Graham Weeks,2,Other (please specify),30,30,40,30,30,30,30,30,30,30,40,30,Yes,Yes,1,2,24,Male,31.67
Jake Livingstone,4,Other (please specify),30,40,30,30,30,30,30,30,30,30,30,30,No,Yes,4,2,38,Male,30.83
Phil Aird,1,Perimeta SBC Accelerated Deployment,40,40,40,40,40,40,30,40,40,40,40,40,Yes,Yes,4,1,40,Male,39.17
Phil Aird,1,Perimeta SBC Accelerated Deployment,40,40,40,40,40,40,40,40,40,40,40,40,Yes,,5,,51,Male,40.00
Jake Livingstone,4,CSR Provisioning,40,40,40,40,40,40,40,40,40,40,40,40,Yes,Yes,5,3,61,Male,40.00
Laurence Carr,0,Other (please specify),40,40,40,40,30,40,40,40,40,40,,,Yes,Yes,2,1,27,Male,39.00
Laurence Carr,2,Other (please specify),30,30,30,30,30,30,30,30,30,30,30,30,No,Yes,2,1,26,Male,30.00
Laurence Carr,2,Other (please specify),30,30,30,30,30,30,30,30,30,30,30,30,No,Yes,2,1,33,Male,30.00
Laurence Carr,2,Other (please specify),30,30,30,30,30,30,30,30,30,30,30,30,No,Yes,2,1,32,Male,30.00
Laurence Carr,0,Other (please specify),40,40,30,30,30,40,40,30,30,30,30,40,Yes,Yes,3,2,29,Male,34.17
Laurence Carr,2,Other (please specify),40,40,30,30,30,40,30,30,40,40,30,30,Yes,No,3,3,Prefer not to say,Male,34.17
Laurence Carr,2,Other (please specify),40,30,30,30,30,30,30,30,30,30,30,30,Yes,No,4,3,34,Male,30.83
Laurence Carr,2,Other (please specify),40,40,30,30,30,30,30,30,30,30,40,40,Yes,Yes,2,3,24,Male,33.33
Laurence Carr,2,Other (please specify),40,40,30,40,30,40,30,40,30,30,30,40,Yes,Yes,2,3,27,Male,35.00
Jim Pellegrini,1,Market Visions Marketing Boot Camp,40,40,20,20,40,40,40,40,30,40,40,30,Yes,Yes,5,2,58,Female,35.00
Jake Livingstone,4,CSR Provisioning,40,40,40,40,40,40,40,40,40,40,40,40,Yes,Yes,3,5,33,Female,40.00
Jim Pellegrini,1,Features & Applications,30,40,30,30,30,40,40,40,40,40,40,40,Yes,Yes,5,4,51,Male,36.67
Dr. Michael Allen,0,Other (please specify),40,40,40,40,40,,40,40,40,40,40,40,Yes,Yes,,3,31,Male,40.00
Jim Pellegrini,1,Features & Applications,40,40,40,20,30,40,40,40,40,40,40,40,Yes,Yes,5,3,62,Male,37.50
,1,Market Visions Marketing Boot Camp,,,,,,,,,,,,,,,,,Prefer not to say,,#DIV/0!
Jim Pellegrini,1,Market Visions Marketing Boot Camp,40,40,40,40,40,40,40,40,40,40,40,40,Yes,Yes,3,1,33,Male,40.00
Jim Pellegrini,1,Features & Applications,40,40,30,40,40,30,40,30,30,40,40,40,Yes,Yes,4,2,64,Male,36.67
Jake Livingstone,2,System Overview,40,40,40,40,40,40,40,30,40,30,40,40,Yes,,5,1,47,Female,38.33
Jake Livingstone,2,System Overview,40,40,30,30,30,40,40,30,40,30,40,30,Yes,Yes,4,1,42,Male,35.00
Jake Livingstone,2,System Overview,40,40,40,40,40,40,40,30,30,30,40,30,Yes,Yes,5,1,Prefer not to say,Male,36.67
Jake Livingstone,2,System Overview,30,30,30,30,30,30,30,30,30,30,30,30,Yes,Yes,5,1,Prefer not to say,Male,30.00
Jake Livingstone,2,System Overview,40,40,40,30,30,30,40,30,30,30,40,30,Yes,Yes,5,1,>100,Male,34.17
Jake Livingstone,0,System Overview,40,40,40,40,30,30,30,40,40,40,40,30,Yes,Yes,5,1,41,Male,36.67
Jake Livingstone,2,System Overview,40,40,40,40,30,40,40,30,40,30,40,30,Yes,Yes,5,1,Prefer not to say,Male,36.67
Jake Livingstone,2,System Overview,40,40,30,40,30,40,40,30,30,40,40,30,Yes,Yes,4,1,37,Male,35.83
Jake Livingstone,2,System Overview,40,40,30,30,30,40,40,30,30,40,40,40,Yes,Yes,5,1,64,Male,35.83
Jake Livingstone,2,Other (please specify),30,40,30,40,40,40,40,30,30,30,40,30,Yes,Yes,4,1,42,Male,35.00
,0,Deployment Overview,,,,,,,,,,,,,,,,,Prefer not to say,,#DIV/0!
Genaro Islas,1,HPBX Deployment & Troubleshooting,40,40,40,40,40,40,40,40,,40,40,40,Yes,Yes,5,1,45,Male,40.00
Genaro Islas,1,HPBX Deployment & Troubleshooting,40,40,40,40,40,40,40,40,40,40,40,40,Yes,Yes,5,3,51,Male,40.00
Genaro Islas,1,HPBX Deployment & Troubleshooting,30,30,30,30,30,40,40,40,40,40,40,30,Yes,Yes,4,2,Prefer not to say,Male,35.00
Genaro Islas,1,HPBX Deployment & Troubleshooting,40,40,40,40,40,40,40,40,40,40,40,30,Yes,Yes,3,2,42,Male,39.17
Genaro Islas,1,HPBX Deployment & Troubleshooting,40,40,30,40,30,40,30,40,40,40,40,30,Yes,Yes,4,5,45,Male,36.67
Team of Instructors,1,HPBX Deployment & Troubleshooting,40,40,30,30,40,30,40,40,30,30,40,40,No,Yes,3,3,26,Male,35.83
Genaro Islas,1,HPBX Deployment & Troubleshooting,40,40,30,30,30,30,30,30,30,30,30,30,Yes,Yes,3,4,34,Male,31.67
,1,HPBX Deployment & Troubleshooting,,,,,,,,,,,,,,,,,Prefer not to say,,#DIV/0!
Genaro Islas,1,HPBX Deployment & Troubleshooting,40,40,30,30,30,30,30,30,30,30,30,30,Yes,Yes,2,1,28,Male,31.67
Genaro Islas,1,HPBX Deployment & Troubleshooting,40,40,40,40,40,40,40,30,40,40,40,40,Yes,Yes,2,2,26,Male,39.17
Genaro Islas,1,HPBX Deployment & Troubleshooting,40,40,40,30,30,30,40,40,40,40,40,30,No,Yes,4,4,105,Male,36.67
Genaro Islas,1,HPBX Deployment & Troubleshooting,40,40,40,40,40,40,40,40,40,40,40,40,Yes,Yes,5,4,Prefer not to say,Male,40.00
Jake Livingstone,1,System Overview,40,40,30,40,40,40,40,30,40,40,40,40,Yes,Yes,1,2,42,Male,38.33
Jake Livingstone,1,System Overview,40,40,40,40,40,40,40,40,40,40,40,40,Yes,Yes,4,1,46,Female,40.00
Dr. Michael Allen,2,System Overview,30,40,40,30,30,30,40,30,30,20,30,30,Yes,Yes,5,1,53,Male,31.67
Dr. Michael Allen,0,System Overview,30,30,30,30,30,30,30,20,30,10,30,30,Yes,Yes,5,3,Prefer not to say,Male,27.50
Dr. Michael Allen,2,System Overview,40,40,40,40,40,40,40,40,40,30,40,40,Yes,Yes,5,1,41,Male,39.17
Dr. Michael Allen,0,System Overview,40,40,40,40,40,40,40,40,40,40,40,30,Yes,Yes,4,1,43,Male,39.17
Dr. Michael Allen,2,System Overview,40,40,40,40,40,40,40,40,40,40,40,40,Yes,Yes,4,1,51,Male,40.00
Dr. Michael Allen,2,System Overview,40,40,40,40,40,40,40,40,40,30,40,40,Yes,Yes,3,1,34,Male,39.17
Dr. Michael Allen,2,System Overview,30,30,30,30,30,30,30,30,30,30,30,30,No,Yes,5,1,Prefer not to say,Female,30.00
Dr. Michael Allen,2,System Overview,40,40,30,30,30,30,30,30,30,30,30,30,No,Yes,5,1,47,Male,31.67
Dr. Michael Allen,2,System Overview,40,40,30,40,30,30,40,40,40,30,40,30,Yes,Yes,5,,Prefer not to say,Female,35.83
Dr. Michael Allen,2,System Overview,40,40,40,40,40,40,40,40,40,30,40,40,Yes,Yes,4,1,38,Male,39.17
Dr. Michael Allen,2,System Overview,30,40,30,30,30,40,30,30,30,30,30,30,Yes,Yes,4,1,37,Male,31.67
Jake Livingstone,1,System Overview,40,40,40,40,40,40,40,40,40,40,40,40,Yes,Yes,5,3,54,Male,40.00
Jake Livingstone,1,System Overview,40,40,40,30,40,40,40,30,40,40,40,30,Yes,Yes,5,2,43,Male,37.50
Jake Livingstone,1,System Overview,40,40,40,30,40,40,40,40,40,40,40,40,Yes,Yes,4,1,45,Female,39.17
Jake Livingstone,1,System Overview,40,40,30,30,30,30,30,30,30,30,30,30,Yes,Yes,4,1,37,Male,31.67
Jake Livingstone,1,System Overview,40,40,40,40,40,40,40,40,40,40,40,40,Yes,Yes,4,1,37,Male,40.00
Jake Livingstone,1,System Overview,40,40,40,40,40,40,40,40,40,40,40,40,Yes,Yes,3,1,33,Male,40.00
Jake Livingstone,1,System Overview,40,40,30,30,40,30,40,40,40,40,40,40,Yes,Yes,2,2,26,Male,37.50
Jake Livingstone,1,System Overview,40,40,40,40,40,,,,,,,,,,,,Prefer not to say,,40.00
